"group","utc","files","sourceBytes","paths"
"legacy-tilemap","2026-10-07T04:56:22.9072501Z","517","83214838","Assets/Tiles|Assets/Prefabs/Dungeon/Dungeon.prefab|Assets/Art/Torch.mat|Assets/Scripts/DungeonGenerator.cs|Assets/Art/DungeonTexture"
"twc-samples","2026-10-07T04:56:23.3294167Z","1026","787826193","Assets/TileWorldCreator/Demo|Assets/TileWorldCreator/Tiles|Assets/Prefabs/Dungeon/_TileWorldCreator_Dungeon.prefab"
"rpg-hero-placeholder","2026-10-07T04:56:23.4023866Z","93","349008030","Assets/Art/RPGHero|Assets/Prefabs/Dungeon/Enemy.prefab"
"unused-enemy-prefabs","2026-10-07T04:56:23.4352596Z","4","49540","Assets/Prefabs/Dungeon/Enemies/Enemy_MushroomSmile.prefab|Assets/Prefabs/Dungeon/Enemies/Enemy_LargeSlime.prefab"
"adorable-per-texture","2026-10-07T04:56:23.8635473Z","1639","42839307","Assets/Art/3D Props - Adorable Items/Adorable 3D Items"
"environment-duplicates","2026-10-07T04:56:24.1985734Z","1096","3145551","Assets/Art/EnvironmentKit/Prefabs/Desert|Assets/Art/EnvironmentKit/Prefabs/Forest|Assets/Art/EnvironmentKit/Prefabs/Marsh|Assets/Art/EnvironmentKit/Prefabs/Mountain|Assets/Art/EnvironmentKit/Prefabs/Tundra|Assets/Art/EnvironmentKit/Prefabs/Volcanic|Assets/Art/EnvironmentKit/Prefabs/Water|Assets/Art/EnvironmentKit/Models"
"legacy-biome-swatches","2026-10-07T04:56:24.2807293Z","24","60780","Assets/Overworld/BiomeBarrier.png|Assets/Overworld/BiomeBridge.png|Assets/Overworld/BiomeDesert.png|Assets/Overworld/BiomeForest.png|Assets/Overworld/BiomeGrassland.png|Assets/Overworld/BiomeMarsh.png|Assets/Overworld/BiomeMountain.png|Assets/Overworld/BiomeRoad.mat|Assets/Overworld/BiomeRoad.png|Assets/Overworld/BiomeTundra.png|Assets/Overworld/BiomeVolcanic.png|Assets/Overworld/BiomeWater.png"
"recovery-scenes","2026-10-07T04:56:24.3402858Z","5","149018","Assets/_Recovery"
"unused-wfc","2026-10-07T04:56:24.3712099Z","22","53871","Assets/unity-wave-function-collapse"
"skill-contact-sheets","2026-10-07T04:56:24.4438381Z","18","80440203","Assets/RPG_skills_and_abilities/All.png|Assets/RPG_skills_and_abilities/All_03.png|Assets/RPG_skills_and_abilities/All_04.png|Assets/RPG_skills_and_abilities/All_addone_04.png|Assets/RPG_skills_and_abilities/All_addone_05.png|Assets/RPG_skills_and_abilities/All_addone_06.png|Assets/RPG_skills_and_abilities/All_addone_07.png|Assets/RPG_skills_and_abilities/RPG_skills_and_abilities.unity|Assets/RPG_skills_and_abilities/all02.png"
"kenney-duplicate-models","2026-10-07T04:56:24.8329732Z","142","2069404","Assets/Art/KennyNL/Castle Kit/Models/bridge.obj|Assets/Art/KennyNL/Castle Kit/Models/bridgeStraight_exclusive.obj|Assets/Art/KennyNL/Castle Kit/Models/bridgeStraightPole_exclusive.obj|Assets/Art/KennyNL/Castle Kit/Models/door.obj|Assets/Art/KennyNL/Castle Kit/Models/flagBannerLong.obj|Assets/Art/KennyNL/Castle Kit/Models/flagBannerShort.obj|Assets/Art/KennyNL/Castle Kit/Models/flagBlue.obj|Assets/Art/KennyNL/Castle Kit/Models/flagBlueWide.obj|Assets/Art/KennyNL/Castle Kit/Models/flagWhite.obj|Assets/Art/KennyNL/Castle Kit/Models/flagWhiteWide.obj|Assets/Art/KennyNL/Castle Kit/Models/gate.obj|Assets/Art/KennyNL/Castle Kit/Models/king.obj|Assets/Art/KennyNL/Castle Kit/Models/knightBlue.obj|Assets/Art/KennyNL/Castle Kit/Models/knightRed.obj|Assets/Art/KennyNL/Castle Kit/Models/metalGate.fbx|Assets/Art/KennyNL/Castle Kit/Models/shieldBlue.obj|Assets/Art/KennyNL/Castle Kit/Models/shieldRed.obj|Assets/Art/KennyNL/Castle Kit/Models/siegeBallista.obj|Assets/Art/KennyNL/Castle Kit/Models/siegeCatapult.obj|Assets/Art/KennyNL/Castle Kit/Models/siegeRam.obj|Assets/Art/KennyNL/Castle Kit/Models/siegeTower.obj|Assets/Art/KennyNL/Castle Kit/Models/siegeTrebuchet.obj|Assets/Art/KennyNL/Castle Kit/Models/stairsStone.obj|Assets/Art/KennyNL/Castle Kit/Models/stairsStoneSlant.obj|Assets/Art/KennyNL/Castle Kit/Models/sword.obj|Assets/Art/KennyNL/Castle Kit/Models/towerBase.fbx|Assets/Art/KennyNL/Castle Kit/Models/towerHexagonBase_exclusive.obj|Assets/Art/KennyNL/Castle Kit/Models/towerHexagonMid_exclusive.obj|Assets/Art/KennyNL/Castle Kit/Models/towerHexagonRoof_exclusive.obj|Assets/Art/KennyNL/Castle Kit/Models/towerHexagonRoofDetailed_exclusive.obj|Assets/Art/KennyNL/Castle Kit/Models/towerHexagonTop_exclusive.obj|Assets/Art/KennyNL/Castle Kit/Models/towerHexagonTopWood_exclusive.obj|Assets/Art/KennyNL/Castle Kit/Models/towerSlantRoof_exclusive.obj|Assets/Art/KennyNL/Castle Kit/Models/towerSquare.obj|Assets/Art/KennyNL/Castle Kit/Models/towerSquareArch.obj|Assets/Art/KennyNL/Castle Kit/Models/towerSquareBase.obj|Assets/Art/KennyNL/Castle Kit/Models/towerSquareBaseBorder.obj|Assets/Art/KennyNL/Castle Kit/Models/towerSquareBaseColor.obj|Assets/Art/KennyNL/Castle Kit/Models/towerSquareMid.obj|Assets/Art/KennyNL/Castle Kit/Models/towerSquareMidColor.obj|Assets/Art/KennyNL/Castle Kit/Models/towerSquareMidDoor_exclusive.obj|Assets/Art/KennyNL/Castle Kit/Models/towerSquareMidOpen.obj|Assets/Art/KennyNL/Castle Kit/Models/towerSquareMidOpenSimple_exclusive.obj|Assets/Art/KennyNL/Castle Kit/Models/towerSquareMidWindows.obj|Assets/Art/KennyNL/Castle Kit/Models/towerSquareRoof.obj|Assets/Art/KennyNL/Castle Kit/Models/towerSquareTop.obj|Assets/Art/KennyNL/Castle Kit/Models/towerSquareTopColor.fbx|Assets/Art/KennyNL/Castle Kit/Models/towerSquareTopRoof.obj|Assets/Art/KennyNL/Castle Kit/Models/towerSquareTopRoofHigh.obj|Assets/Art/KennyNL/Castle Kit/Models/towerSquareTopRoofHighDetail.obj|Assets/Art/KennyNL/Castle Kit/Models/towerSquareTopRoofHighWindows_exclusive.obj|Assets/Art/KennyNL/Castle Kit/Models/towerTop.obj|Assets/Art/KennyNL/Castle Kit/Models/towerTopCorner.obj|Assets/Art/KennyNL/Castle Kit/Models/wall.obj|Assets/Art/KennyNL/Castle Kit/Models/wallCorner.obj|Assets/Art/KennyNL/Castle Kit/Models/wallCornerHalf.obj|Assets/Art/KennyNL/Castle Kit/Models/wallCornerHalfTower.obj|Assets/Art/KennyNL/Castle Kit/Models/wallCornerSlant_exclusive.obj|Assets/Art/KennyNL/Castle Kit/Models/wallDoor.obj|Assets/Art/KennyNL/Castle Kit/Models/wallHalf.obj|Assets/Art/KennyNL/Castle Kit/Models/wallHalfModular_exclusive.obj|Assets/Art/KennyNL/Castle Kit/Models/wallNarrow.obj|Assets/Art/KennyNL/Castle Kit/Models/wallNarrowCorner.obj|Assets/Art/KennyNL/Castle Kit/Models/wallNarrowGate.obj|Assets/Art/KennyNL/Castle Kit/Models/wallNarrowStairs.obj|Assets/Art/KennyNL/Castle Kit/Models/wallNarrowStairsFence.obj|Assets/Art/KennyNL/Castle Kit/Models/wallNarrowWood.obj|Assets/Art/KennyNL/Castle Kit/Models/wallNarrowWoodFence.obj|Assets/Art/KennyNL/Castle Kit/Models/wallPillar.obj|Assets/Art/KennyNL/Castle Kit/Models/wallStud.obj|Assets/Art/KennyNL/Castle Kit/Models/wallToNarrow.obj"
