name,live_hero_ratio,world_height_ratio
"Antidote",0.4382,0.4036
"Apprentice Wand",0.5910,0.6325
"Arcane Wand",0.5910,0.4835
"Arrows",0.5808,0.3706
"Battle Axe",0.5808,0.4353
"Battle Axe (Off-hand)",0.5808,0.4353
"Battle Bee Butter Honey Latte",0.4382,0.3696
"Beholder Eye Cream Pistachio Latte",0.4382,0.3696
"Beholder Eye Jelly Double Espresso",0.4382,0.3696
"Bolt Spell",0.4382,0.2013
"Bow",0.5905,0.5478
"Bow02",0.5905,0.5478
"Bow03",0.5905,0.5478
"Bow04",0.5905,0.5478
"Bow05",0.5905,0.5478
"Bread",0.4222,0.2224
"Cactus Pulp Caramel Cloud Latte",0.4382,0.3696
"Cactus Pulp Caramel Coffee",0.4382,0.3696
"Charred Bread",0.4222,0.2224
"Crab Monster Meat Croquette",0.4382,0.3726
"Crystal Shield",0.4382,0.2339
"Crystal Wand",0.5910,0.4071
"Demo Scroll: Ally Mend",0.4382,0.2013
"Demo Scroll: Area Burst",0.4382,0.2013
"Demo Scroll: Arrow Shot",0.4382,0.2013
"Demo Scroll: Enemy Pulse",0.4382,0.2013
"Demo Scroll: Inspect Item",0.4382,0.2013
"Demo Scroll: Inspect Weapon",0.4382,0.2013
"Demo Scroll: Party Mend",0.4382,0.2013
"Demo Scroll: Self Focus",0.4382,0.2013
"Demo Scroll: Single Hit",0.4382,0.2013
"Demo Training Sword",0.5808,0.3706
"Dragon Sausage & Onion Pastry",0.4222,0.2224
"Dragon Shield",0.4248,0.2515
"Dragon Spear",0.5910,0.3651
"Explosion Spell",0.4382,0.2013
"Flame Sword",0.5910,0.4856
"Flame Sword (Off-hand)",0.5910,0.4856
"Frailty Potion",0.4045,0.3477
"Gilded Greatsword",0.5910,0.2934
"Gilded Shield",0.4382,0.2502
"Gilded Sword",0.5910,0.3422
"Gilded Sword (Off-hand)",0.5910,0.3422
"Greatsword",0.5910,0.3858
"Guardian Shield",0.4360,0.2656
"Hand Axe",0.5808,0.3533
"Hand Axe (Off-hand)",0.5808,0.3533
"Heater Shield",0.4382,0.2468
"Iron Arrows",0.5808,0.3634
"Iron Buckler",0.4382,0.2664
"Iron Greatsword",0.5910,0.4475
"Iron Shield",0.4327,0.2608
"Iron Spear",0.5910,0.2825
"Iron Sword",0.5910,0.3904
"Iron Sword (Off-hand)",0.5910,0.3904
"Kite Shield",0.4382,0.2356
"Knight's Greatsword",0.5910,0.3938
"Knight's Shield",0.4382,0.2278
"Knight's Spear",0.5910,0.2765
"Knight's Sword",0.5910,0.3859
"Knight's Sword (Off-hand)",0.5910,0.3859
"Legendary Shield",0.4382,0.2430
"Mallet",0.5808,0.3753
"Mallet (Off-hand)",0.5808,0.3753
"Mythril Shield",0.4307,0.2685
"Mythril Sword",0.5910,0.4087
"Mythril Sword (Off-hand)",0.5910,0.4087
"Needle",0.5910,0.3098
"Needle (Off-hand)",0.5910,0.3098
"Oak Wand",0.5910,0.4892
"Oblivion Draught",0.4382,0.3972
"Potion",0.4045,0.3477
"Potion 100HP",0.4045,0.3477
"Potion 40HP",0.4045,0.3477
"Potion 60HP",0.4045,0.3477
"Potion 80HP",0.4045,0.3477
"Roasted Battle Bee Espresso",0.4382,0.3696
"Round Shield",0.4382,0.2256
"Royal Arrows",0.5808,0.4874
"Royal Greatsword",0.5910,0.2897
"Royal Shield",0.4287,0.2786
"Royal Sword",0.5910,0.4442
"Royal Sword (Off-hand)",0.5910,0.4442
"SP Potion",0.4045,0.3477
"Sage's Wand",0.5910,0.4920
"Salamander-Fat Caramel Cold Brew",0.4382,0.3696
"Salamander-Fat Caramel Latte",0.4382,0.3696
"Shadow Shield",0.4207,0.2586
"Shadow Sword",0.5910,0.4853
"Shadow Sword (Off-hand)",0.5910,0.4853
"Short Sword",0.5910,0.4473
"Short Sword (Off-hand)",0.5910,0.4473
"Silver Arrows",0.5808,0.3978
"Silver Greatsword",0.5910,0.4344
"Silver Shield",0.4382,0.2778
"Silver Sword",0.5910,0.4446
"Silver Sword (Off-hand)",0.5910,0.4446
"Silver Wand",0.5910,0.5635
"Sleep Potion",0.4045,0.3477
"Slime Jelly Danish",0.4382,0.3507
"Smiling Mushroom & Cheese Croissant",0.4382,0.3507
"Specter Cream Shakerato",0.4382,0.3696
"Specter Cream Tiramisu Latte",0.4382,0.3696
"Spoiled Bread",0.4222,0.2224
"Steel Arrows",0.5808,0.3839
"Steel Buckler",0.4382,0.2568
"Steel Greatsword",0.5910,0.3468
"Steel Shield",0.4382,0.2546
"Steel Spear",0.5910,0.2781
"Steel Sword",0.5910,0.3831
"Steel Sword (Off-hand)",0.5910,0.3831
"Stick",0.5910,0.3379
"Stick (Off-hand)",0.5910,0.3379
"Tower Shield",0.4382,0.2403
"War Hammer",0.5808,0.4898
"War Hammer (Off-hand)",0.5808,0.4898
"Warp Spell",0.4382,0.2286
"Wooden Arrows",0.5808,0.3706
"Wooden Buckler",0.4382,0.3631
"Wooden Shield",0.4320,0.2556
"Wooden Spear",0.5910,0.3991
"Wooden Wand",0.5910,0.4724
"Iron Ore",0.3882,0.2958
"Healing Herb",0.3974,0.2208
"Timber",0.4382,0.3986
"Trap Parts",0.3974,0.3065
"Category: Bow",0.5905,0.5478
"Category: Bread",0.4222,0.2224
"Category: Gold",0.4329,0.3833
"Category: Key",0.3770,0.2668
"Category: Potion",0.4045,0.3477
"Category: Ring",0.3770,0.3260
"Category: Shield",0.4229,0.1675
"Category: Skull",0.3727,0.3905
"Category: SpellBook",0.4382,0.2013
"Category: Sword",0.5910,0.4473
"Category: TreasureChest",0.6119,0.5022
"Currency",0.4329,0.3833
"Small key",0.3770,0.4740
"Chest disguise",0.6119,0.5022
"Bag",0.4382,0.4241
