name,source,size,target_ratio,projected_diameter_ratio,world_height_ratio,scale,rotation,shape,prefab
"Antidote",jar,Ordinary,0.4300,0.4300,0.4019,1.302583,"(315.00, 0.00, 0.00)","(1.00, 1.00, 1.00)",Assets/Prefabs/Dungeon/DroppedItems/Individual/Antidote.prefab
"Apprentice Wand",@Wand02,Elongated,0.5800,0.5800,0.6298,2.034292,"(290.00, 20.00, 322.00)","(1.50, 1.00, 1.50)",Assets/Prefabs/Dungeon/DroppedItems/Individual/Apprentice_Wand.prefab
"Arcane Wand",@Wand06,Elongated,0.5800,0.5800,0.4814,1.620116,"(305.00, 20.00, 337.00)","(1.50, 1.00, 1.50)",Assets/Prefabs/Dungeon/DroppedItems/Individual/Arcane_Wand.prefab
"Arrows",@Projectile/Arrow01Projectile,Elongated,0.5700,0.5700,0.3690,1.457699,"(315.00, 198.00, 152.00)","(2.80, 2.80, 1.00)",Assets/Prefabs/Dungeon/DroppedItems/Individual/Arrows.prefab
"Battle Axe",@OHS13_Axe,Elongated,0.5700,0.5700,0.4334,1.182678,"(320.00, 35.00, 298.00)","(1.25, 1.00, 1.60)",Assets/Prefabs/Dungeon/DroppedItems/Individual/Battle_Axe.prefab
"Battle Axe (Off-hand)",@OHS13_Axe,Elongated,0.5700,0.5700,0.4334,1.182678,"(320.00, 35.00, 298.00)","(1.25, 1.00, 1.60)",Assets/Prefabs/Dungeon/DroppedItems/Individual/Battle_Axe__Off_hand_.prefab
"Battle Bee Butter Honey Latte",cup,Ordinary,0.4300,0.4300,0.3680,1.441766,"(315.00, 0.00, 0.00)","(1.00, 1.00, 1.00)",Assets/Prefabs/Dungeon/DroppedItems/Individual/Battle_Bee_Butter_Honey_Latte.prefab
"Beholder Eye Cream Pistachio Latte",cup,Ordinary,0.4300,0.4300,0.3680,1.441766,"(315.00, 0.00, 0.00)","(1.00, 1.00, 1.00)",Assets/Prefabs/Dungeon/DroppedItems/Individual/Beholder_Eye_Cream_Pistachio_Latte.prefab
"Beholder Eye Jelly Double Espresso",cup,Ordinary,0.4300,0.4300,0.3680,1.441766,"(315.00, 0.00, 0.00)","(1.00, 1.00, 1.00)",Assets/Prefabs/Dungeon/DroppedItems/Individual/Beholder_Eye_Jelly_Double_Espresso.prefab
"Bolt Spell",book2,Ordinary,0.4300,0.4300,0.2004,4.639948,"(275.00, 0.00, 342.00)","(1.00, 1.00, 1.00)",Assets/Prefabs/Dungeon/DroppedItems/Individual/Bolt_Spell.prefab
"Bow",bow,Elongated,0.5795,0.5795,0.5454,1.329452,"(315.00, 90.00, 180.00)","(1.00, 1.00, 1.00)",Assets/Prefabs/Dungeon/DroppedItems/Individual/Bow.prefab
"Bow02",bow,Elongated,0.5795,0.5795,0.5454,1.329452,"(315.00, 90.00, 180.00)","(1.00, 1.00, 1.00)",Assets/Prefabs/Dungeon/DroppedItems/Individual/Bow02.prefab
"Bow03",bow,Elongated,0.5795,0.5795,0.5454,1.329452,"(315.00, 90.00, 180.00)","(1.00, 1.00, 1.00)",Assets/Prefabs/Dungeon/DroppedItems/Individual/Bow03.prefab
"Bow04",bow,Elongated,0.5795,0.5795,0.5454,1.329452,"(315.00, 90.00, 180.00)","(1.00, 1.00, 1.00)",Assets/Prefabs/Dungeon/DroppedItems/Individual/Bow04.prefab
"Bow05",bow,Elongated,0.5795,0.5795,0.5454,1.329452,"(315.00, 90.00, 180.00)","(1.00, 1.00, 1.00)",Assets/Prefabs/Dungeon/DroppedItems/Individual/Bow05.prefab
"Bread",waffle,Ordinary,0.4300,0.4143,0.2214,1.373897,"(340.00, 0.00, 342.00)","(1.00, 1.00, 1.00)",Assets/Prefabs/Dungeon/DroppedItems/Individual/Bread.prefab
"Cactus Pulp Caramel Cloud Latte",cup,Ordinary,0.4300,0.4300,0.3680,1.441768,"(315.00, 0.00, 0.00)","(1.00, 1.00, 1.00)",Assets/Prefabs/Dungeon/DroppedItems/Individual/Cactus_Pulp_Caramel_Cloud_Latte.prefab
"Cactus Pulp Caramel Coffee",cup,Ordinary,0.4300,0.4300,0.3680,1.441768,"(315.00, 0.00, 0.00)","(1.00, 1.00, 1.00)",Assets/Prefabs/Dungeon/DroppedItems/Individual/Cactus_Pulp_Caramel_Coffee.prefab
"Charred Bread",waffle,Ordinary,0.4300,0.4143,0.2214,1.373897,"(340.00, 0.00, 342.00)","(1.00, 1.00, 1.00)",Assets/Prefabs/Dungeon/DroppedItems/Individual/Charred_Bread.prefab
"Crab Monster Meat Croquette",ham,Ordinary,0.4300,0.4300,0.3710,1.361454,"(315.00, 0.00, 0.00)","(1.00, 1.00, 1.00)",Assets/Prefabs/Dungeon/DroppedItems/Individual/Crab_Monster_Meat_Croquette.prefab
"Crystal Shield",@Shield16,Ordinary,0.4300,0.4300,0.2329,2.051306,"(30.00, 200.00, 25.00)","(1.00, 1.00, 1.00)",Assets/Prefabs/Dungeon/DroppedItems/Individual/Crystal_Shield.prefab
"Crystal Wand",@Wand04,Elongated,0.5800,0.5800,0.4054,1.493871,"(320.00, 20.00, 322.00)","(1.50, 1.00, 1.50)",Assets/Prefabs/Dungeon/DroppedItems/Individual/Crystal_Wand.prefab
"Demo Scroll: Ally Mend",book2,Ordinary,0.4300,0.4300,0.2004,4.640022,"(275.00, 0.00, 342.00)","(1.00, 1.00, 1.00)",Assets/Prefabs/Dungeon/DroppedItems/Individual/Demo_Scroll__Ally_Mend.prefab
"Demo Scroll: Area Burst",book2,Ordinary,0.4300,0.4300,0.2004,4.640022,"(275.00, 0.00, 342.00)","(1.00, 1.00, 1.00)",Assets/Prefabs/Dungeon/DroppedItems/Individual/Demo_Scroll__Area_Burst.prefab
"Demo Scroll: Arrow Shot",book2,Ordinary,0.4300,0.4300,0.2004,4.640022,"(275.00, 0.00, 342.00)","(1.00, 1.00, 1.00)",Assets/Prefabs/Dungeon/DroppedItems/Individual/Demo_Scroll__Arrow_Shot.prefab
"Demo Scroll: Enemy Pulse",book2,Ordinary,0.4300,0.4300,0.2004,4.640022,"(275.00, 0.00, 342.00)","(1.00, 1.00, 1.00)",Assets/Prefabs/Dungeon/DroppedItems/Individual/Demo_Scroll__Enemy_Pulse.prefab
"Demo Scroll: Inspect Item",book2,Ordinary,0.4300,0.4300,0.2004,4.640022,"(275.00, 0.00, 342.00)","(1.00, 1.00, 1.00)",Assets/Prefabs/Dungeon/DroppedItems/Individual/Demo_Scroll__Inspect_Item.prefab
"Demo Scroll: Inspect Weapon",book2,Ordinary,0.4300,0.4300,0.2004,4.640022,"(275.00, 0.00, 342.00)","(1.00, 1.00, 1.00)",Assets/Prefabs/Dungeon/DroppedItems/Individual/Demo_Scroll__Inspect_Weapon.prefab
"Demo Scroll: Party Mend",book2,Ordinary,0.4300,0.4300,0.2004,4.640022,"(275.00, 0.00, 342.00)","(1.00, 1.00, 1.00)",Assets/Prefabs/Dungeon/DroppedItems/Individual/Demo_Scroll__Party_Mend.prefab
"Demo Scroll: Self Focus",book2,Ordinary,0.4300,0.4300,0.2004,4.640022,"(275.00, 0.00, 342.00)","(1.00, 1.00, 1.00)",Assets/Prefabs/Dungeon/DroppedItems/Individual/Demo_Scroll__Self_Focus.prefab
"Demo Scroll: Single Hit",book2,Ordinary,0.4300,0.4300,0.2004,4.640022,"(275.00, 0.00, 342.00)","(1.00, 1.00, 1.00)",Assets/Prefabs/Dungeon/DroppedItems/Individual/Demo_Scroll__Single_Hit.prefab
"Demo Training Sword",@Projectile/Arrow01Projectile,Elongated,0.5700,0.5700,0.3690,1.457699,"(315.00, 198.00, 152.00)","(2.80, 2.80, 1.00)",Assets/Prefabs/Dungeon/DroppedItems/Individual/Demo_Training_Sword.prefab
"Dragon Sausage & Onion Pastry",waffle,Ordinary,0.4300,0.4143,0.2214,1.373897,"(340.00, 0.00, 342.00)","(1.00, 1.00, 1.00)",Assets/Prefabs/Dungeon/DroppedItems/Individual/Dragon_Sausage___Onion_Pastry.prefab
"Dragon Shield",@Shield17,Ordinary,0.4300,0.4169,0.2504,1.765422,"(30.00, 200.00, 25.00)","(1.00, 1.00, 1.00)",Assets/Prefabs/Dungeon/DroppedItems/Individual/Dragon_Shield.prefab
"Dragon Spear",@Spear05,Elongated,0.5800,0.5800,0.3636,0.744077,"(336.00, 35.00, 307.00)","(1.65, 1.00, 1.65)",Assets/Prefabs/Dungeon/DroppedItems/Individual/Dragon_Spear.prefab
"Explosion Spell",book2,Ordinary,0.4300,0.4300,0.2004,4.640022,"(275.00, 0.00, 342.00)","(1.00, 1.00, 1.00)",Assets/Prefabs/Dungeon/DroppedItems/Individual/Explosion_Spell.prefab
"Flame Sword",@OHS15_Sword,Elongated,0.5800,0.5800,0.4835,1.122559,"(305.00, 20.00, 328.00)","(1.25, 1.00, 1.60)",Assets/Prefabs/Dungeon/DroppedItems/Individual/Flame_Sword.prefab
"Flame Sword (Off-hand)",@OHS15_Sword,Elongated,0.5800,0.5800,0.4835,1.122559,"(305.00, 20.00, 328.00)","(1.25, 1.00, 1.60)",Assets/Prefabs/Dungeon/DroppedItems/Individual/Flame_Sword__Off_hand_.prefab
"Frailty Potion",potion_red,Ordinary,0.4300,0.3969,0.3462,1.232143,"(315.00, 0.00, 0.00)","(1.00, 1.00, 1.00)",Assets/Prefabs/Dungeon/DroppedItems/Individual/Frailty_Potion.prefab
"Gilded Greatsword",@THS06_Sword,Elongated,0.5800,0.5800,0.2921,0.817581,"(335.00, 20.00, 313.00)","(1.25, 1.00, 1.60)",Assets/Prefabs/Dungeon/DroppedItems/Individual/Gilded_Greatsword.prefab
"Gilded Shield",@Shield13,Ordinary,0.4300,0.4300,0.2491,1.701780,"(30.00, 200.00, 25.00)","(1.00, 1.00, 1.00)",Assets/Prefabs/Dungeon/DroppedItems/Individual/Gilded_Shield.prefab
"Gilded Sword",@OHS08_Sword,Elongated,0.5800,0.5800,0.3407,1.243192,"(335.00, 20.00, 313.00)","(1.25, 1.00, 1.60)",Assets/Prefabs/Dungeon/DroppedItems/Individual/Gilded_Sword.prefab
"Gilded Sword (Off-hand)",@OHS08_Sword,Elongated,0.5800,0.5800,0.3407,1.243192,"(335.00, 20.00, 313.00)","(1.25, 1.00, 1.60)",Assets/Prefabs/Dungeon/DroppedItems/Individual/Gilded_Sword__Off_hand_.prefab
"Greatsword",@THS01_Sword,Elongated,0.5800,0.5800,0.3842,1.000838,"(320.00, 20.00, 328.00)","(1.25, 1.00, 1.60)",Assets/Prefabs/Dungeon/DroppedItems/Individual/Greatsword.prefab
"Guardian Shield",@Shield19,Ordinary,0.4300,0.4279,0.2645,1.723923,"(30.00, 200.00, 25.00)","(1.00, 1.00, 1.00)",Assets/Prefabs/Dungeon/DroppedItems/Individual/Guardian_Shield.prefab
"Hand Axe",@OHS10_Axe,Elongated,0.5700,0.5700,0.3518,1.249417,"(320.00, 5.00, 358.00)","(1.25, 1.00, 1.60)",Assets/Prefabs/Dungeon/DroppedItems/Individual/Hand_Axe.prefab
"Hand Axe (Off-hand)",@OHS10_Axe,Elongated,0.5700,0.5700,0.3518,1.249417,"(320.00, 5.00, 358.00)","(1.25, 1.00, 1.60)",Assets/Prefabs/Dungeon/DroppedItems/Individual/Hand_Axe__Off_hand_.prefab
"Heater Shield",@Shield11,Ordinary,0.4300,0.4300,0.2457,1.776202,"(30.00, 200.00, 25.00)","(1.00, 1.00, 1.00)",Assets/Prefabs/Dungeon/DroppedItems/Individual/Heater_Shield.prefab
"Iron Arrows",@Projectile/Arrow02Projectile,Elongated,0.5700,0.5700,0.3618,1.372411,"(315.00, 198.00, 152.00)","(2.80, 2.80, 1.00)",Assets/Prefabs/Dungeon/DroppedItems/Individual/Iron_Arrows.prefab
"Iron Buckler",@Shield04,Ordinary,0.4300,0.4300,0.2652,2.061726,"(30.00, 200.00, 25.00)","(1.00, 1.00, 1.00)",Assets/Prefabs/Dungeon/DroppedItems/Individual/Iron_Buckler.prefab
"Iron Greatsword",@THS02_Sword,Elongated,0.5800,0.5800,0.4456,0.964763,"(320.00, 35.00, 313.00)","(1.25, 1.00, 1.60)",Assets/Prefabs/Dungeon/DroppedItems/Individual/Iron_Greatsword.prefab
"Iron Shield",@Shield05,Ordinary,0.4300,0.4247,0.2597,2.077567,"(30.00, 200.00, 25.00)","(1.00, 1.00, 1.00)",Assets/Prefabs/Dungeon/DroppedItems/Individual/Iron_Shield.prefab
"Iron Spear",@Spear02,Elongated,0.5800,0.5800,0.2813,0.770970,"(336.00, 20.00, 307.00)","(1.65, 1.00, 1.65)",Assets/Prefabs/Dungeon/DroppedItems/Individual/Iron_Spear.prefab
"Iron Sword",@OHS04_Sword,Elongated,0.5800,0.5800,0.3887,1.339421,"(320.00, 20.00, 328.00)","(1.25, 1.00, 1.60)",Assets/Prefabs/Dungeon/DroppedItems/Individual/Iron_Sword.prefab
"Iron Sword (Off-hand)",@OHS04_Sword,Elongated,0.5800,0.5800,0.3887,1.339421,"(320.00, 20.00, 328.00)","(1.25, 1.00, 1.60)",Assets/Prefabs/Dungeon/DroppedItems/Individual/Iron_Sword__Off_hand_.prefab
"Kite Shield",@Shield06,Ordinary,0.4300,0.4300,0.2345,1.695380,"(30.00, 200.00, 25.00)","(1.00, 1.00, 1.00)",Assets/Prefabs/Dungeon/DroppedItems/Individual/Kite_Shield.prefab
"Knight's Greatsword",@THS04_Sword,Elongated,0.5800,0.5800,0.3921,0.909864,"(320.00, 20.00, 328.00)","(1.25, 1.00, 1.60)",Assets/Prefabs/Dungeon/DroppedItems/Individual/Knight_s_Greatsword.prefab
"Knight's Shield",@Shield10,Ordinary,0.4300,0.4300,0.2268,1.880617,"(30.00, 200.00, 25.00)","(1.00, 1.00, 1.00)",Assets/Prefabs/Dungeon/DroppedItems/Individual/Knight_s_Shield.prefab
"Knight's Spear",@Spear04,Elongated,0.5800,0.5800,0.2753,0.745334,"(336.00, 20.00, 307.00)","(1.65, 1.00, 1.65)",Assets/Prefabs/Dungeon/DroppedItems/Individual/Knight_s_Spear.prefab
"Knight's Sword",@OHS06_Sword,Elongated,0.5800,0.5800,0.3843,1.249802,"(320.00, 20.00, 328.00)","(1.25, 1.00, 1.60)",Assets/Prefabs/Dungeon/DroppedItems/Individual/Knight_s_Sword.prefab
"Knight's Sword (Off-hand)",@OHS06_Sword,Elongated,0.5800,0.5800,0.3843,1.249802,"(320.00, 20.00, 328.00)","(1.25, 1.00, 1.60)",Assets/Prefabs/Dungeon/DroppedItems/Individual/Knight_s_Sword__Off_hand_.prefab
"Legendary Shield",@Shield20,Ordinary,0.4300,0.4300,0.2419,1.669609,"(30.00, 200.00, 25.00)","(1.00, 1.00, 1.00)",Assets/Prefabs/Dungeon/DroppedItems/Individual/Legendary_Shield.prefab
"Mallet",@OHS11_Hammer,Elongated,0.5700,0.5700,0.3737,1.222425,"(5.00, 95.00, 313.00)","(1.25, 1.00, 1.60)",Assets/Prefabs/Dungeon/DroppedItems/Individual/Mallet.prefab
"Mallet (Off-hand)",@OHS11_Hammer,Elongated,0.5700,0.5700,0.3737,1.222425,"(5.00, 95.00, 313.00)","(1.25, 1.00, 1.60)",Assets/Prefabs/Dungeon/DroppedItems/Individual/Mallet__Off_hand_.prefab
"Mythril Shield",@Shield15,Ordinary,0.4300,0.4226,0.2673,1.811402,"(30.00, 200.00, 25.00)","(1.00, 1.00, 1.00)",Assets/Prefabs/Dungeon/DroppedItems/Individual/Mythril_Shield.prefab
"Mythril Sword",@OHS12_Sword,Elongated,0.5800,0.5800,0.4070,1.222865,"(335.00, 20.00, 313.00)","(1.25, 1.00, 1.60)",Assets/Prefabs/Dungeon/DroppedItems/Individual/Mythril_Sword.prefab
"Mythril Sword (Off-hand)",@OHS12_Sword,Elongated,0.5800,0.5800,0.4070,1.222865,"(335.00, 20.00, 313.00)","(1.25, 1.00, 1.60)",Assets/Prefabs/Dungeon/DroppedItems/Individual/Mythril_Sword__Off_hand_.prefab
"Needle",@OHS02_Niddle,Elongated,0.5800,0.5800,0.3085,1.235632,"(335.00, 20.00, 313.00)","(1.25, 1.00, 1.60)",Assets/Prefabs/Dungeon/DroppedItems/Individual/Needle.prefab
"Needle (Off-hand)",@OHS02_Niddle,Elongated,0.5800,0.5800,0.3085,1.235632,"(335.00, 20.00, 313.00)","(1.25, 1.00, 1.60)",Assets/Prefabs/Dungeon/DroppedItems/Individual/Needle__Off_hand_.prefab
"Oak Wand",@Wand03,Elongated,0.5800,0.5800,0.4871,1.728714,"(305.00, 20.00, 322.00)","(1.50, 1.00, 1.50)",Assets/Prefabs/Dungeon/DroppedItems/Individual/Oak_Wand.prefab
"Oblivion Draught",ink,Ordinary,0.4300,0.4300,0.3955,1.351390,"(315.00, 0.00, 0.00)","(1.00, 1.00, 1.00)",Assets/Prefabs/Dungeon/DroppedItems/Individual/Oblivion_Draught.prefab
"Potion",potion_red,Ordinary,0.4300,0.3969,0.3462,1.232143,"(315.00, 0.00, 0.00)","(1.00, 1.00, 1.00)",Assets/Prefabs/Dungeon/DroppedItems/Individual/Potion.prefab
"Potion 100HP",potion_red,Ordinary,0.4300,0.3969,0.3462,1.232143,"(315.00, 0.00, 0.00)","(1.00, 1.00, 1.00)",Assets/Prefabs/Dungeon/DroppedItems/Individual/Potion_100HP.prefab
"Potion 40HP",potion_red,Ordinary,0.4300,0.3969,0.3462,1.232143,"(315.00, 0.00, 0.00)","(1.00, 1.00, 1.00)",Assets/Prefabs/Dungeon/DroppedItems/Individual/Potion_40HP.prefab
"Potion 60HP",potion_red,Ordinary,0.4300,0.3969,0.3462,1.232143,"(315.00, 0.00, 0.00)","(1.00, 1.00, 1.00)",Assets/Prefabs/Dungeon/DroppedItems/Individual/Potion_60HP.prefab
"Potion 80HP",potion_red,Ordinary,0.4300,0.3969,0.3462,1.232143,"(315.00, 0.00, 0.00)","(1.00, 1.00, 1.00)",Assets/Prefabs/Dungeon/DroppedItems/Individual/Potion_80HP.prefab
"Roasted Battle Bee Espresso",cup,Ordinary,0.4300,0.4300,0.3680,1.441768,"(315.00, 0.00, 0.00)","(1.00, 1.00, 1.00)",Assets/Prefabs/Dungeon/DroppedItems/Individual/Roasted_Battle_Bee_Espresso.prefab
"Round Shield",@Shield03,Ordinary,0.4300,0.4300,0.2246,1.953597,"(30.00, 200.00, 25.00)","(1.00, 1.00, 1.00)",Assets/Prefabs/Dungeon/DroppedItems/Individual/Round_Shield.prefab
"Royal Arrows",@Projectile/Arrow05Projectile,Elongated,0.5700,0.5700,0.4853,1.438639,"(330.00, 198.00, 152.00)","(2.80, 2.80, 1.00)",Assets/Prefabs/Dungeon/DroppedItems/Individual/Royal_Arrows.prefab
"Royal Greatsword",@THS07_Sword,Elongated,0.5800,0.5800,0.2885,0.828799,"(335.00, 20.00, 313.00)","(1.25, 1.00, 1.60)",Assets/Prefabs/Dungeon/DroppedItems/Individual/Royal_Greatsword.prefab
"Royal Shield",@Shield14,Ordinary,0.4300,0.4207,0.2774,2.024018,"(30.00, 200.00, 25.00)","(1.00, 1.00, 1.00)",Assets/Prefabs/Dungeon/DroppedItems/Individual/Royal_Shield.prefab
"Royal Sword",@OHS09_Sword,Elongated,0.5800,0.5800,0.4423,1.216843,"(320.00, 35.00, 313.00)","(1.25, 1.00, 1.60)",Assets/Prefabs/Dungeon/DroppedItems/Individual/Royal_Sword.prefab
"Royal Sword (Off-hand)",@OHS09_Sword,Elongated,0.5800,0.5800,0.4423,1.216843,"(320.00, 35.00, 313.00)","(1.25, 1.00, 1.60)",Assets/Prefabs/Dungeon/DroppedItems/Individual/Royal_Sword__Off_hand_.prefab
"SP Potion",potion_blue,Ordinary,0.4300,0.3969,0.3462,1.232143,"(315.00, 0.00, 0.00)","(1.00, 1.00, 1.00)",Assets/Prefabs/Dungeon/DroppedItems/Individual/SP_Potion.prefab
"Sage's Wand",@Wand07,Elongated,0.5800,0.5800,0.4899,1.607745,"(305.00, 20.00, 322.00)","(1.50, 1.00, 1.50)",Assets/Prefabs/Dungeon/DroppedItems/Individual/Sage_s_Wand.prefab
"Salamander-Fat Caramel Cold Brew",cup,Ordinary,0.4300,0.4300,0.3680,1.441768,"(315.00, 0.00, 0.00)","(1.00, 1.00, 1.00)",Assets/Prefabs/Dungeon/DroppedItems/Individual/Salamander_Fat_Caramel_Cold_Brew.prefab
"Salamander-Fat Caramel Latte",cup,Ordinary,0.4300,0.4300,0.3680,1.441768,"(315.00, 0.00, 0.00)","(1.00, 1.00, 1.00)",Assets/Prefabs/Dungeon/DroppedItems/Individual/Salamander_Fat_Caramel_Latte.prefab
"Shadow Shield",@Shield18,Ordinary,0.4300,0.4128,0.2575,1.670817,"(30.00, 200.00, 25.00)","(1.00, 1.00, 1.00)",Assets/Prefabs/Dungeon/DroppedItems/Individual/Shadow_Shield.prefab
"Shadow Sword",@OHS16_Sword,Elongated,0.5800,0.5800,0.4832,1.124691,"(305.00, 20.00, 328.00)","(1.25, 1.00, 1.60)",Assets/Prefabs/Dungeon/DroppedItems/Individual/Shadow_Sword.prefab
"Shadow Sword (Off-hand)",@OHS16_Sword,Elongated,0.5800,0.5800,0.4832,1.124691,"(305.00, 20.00, 328.00)","(1.25, 1.00, 1.60)",Assets/Prefabs/Dungeon/DroppedItems/Individual/Shadow_Sword__Off_hand_.prefab
"Short Sword",@OHS03_Sword,Elongated,0.5800,0.5800,0.4454,1.347597,"(320.00, 35.00, 313.00)","(1.25, 1.00, 1.60)",Assets/Prefabs/Dungeon/DroppedItems/Individual/Short_Sword.prefab
"Short Sword (Off-hand)",@OHS03_Sword,Elongated,0.5800,0.5800,0.4454,1.347597,"(320.00, 35.00, 313.00)","(1.25, 1.00, 1.60)",Assets/Prefabs/Dungeon/DroppedItems/Individual/Short_Sword__Off_hand_.prefab
"Silver Arrows",@Projectile/Arrow04Projectile,Elongated,0.5700,0.5700,0.3961,1.482226,"(315.00, 183.00, 152.00)","(2.80, 2.80, 1.00)",Assets/Prefabs/Dungeon/DroppedItems/Individual/Silver_Arrows.prefab
"Silver Greatsword",@THS05_Sword,Elongated,0.5800,0.5800,0.4325,0.888301,"(335.00, 20.00, 313.00)","(1.25, 1.00, 1.60)",Assets/Prefabs/Dungeon/DroppedItems/Individual/Silver_Greatsword.prefab
"Silver Shield",@Shield12,Ordinary,0.4300,0.4300,0.2766,1.948145,"(30.00, 200.00, 25.00)","(1.00, 1.00, 1.00)",Assets/Prefabs/Dungeon/DroppedItems/Individual/Silver_Shield.prefab
"Silver Sword",@OHS07_Sword,Elongated,0.5800,0.5800,0.4427,1.153850,"(320.00, 35.00, 313.00)","(1.25, 1.00, 1.60)",Assets/Prefabs/Dungeon/DroppedItems/Individual/Silver_Sword.prefab
"Silver Sword (Off-hand)",@OHS07_Sword,Elongated,0.5800,0.5800,0.4427,1.153850,"(320.00, 35.00, 313.00)","(1.25, 1.00, 1.60)",Assets/Prefabs/Dungeon/DroppedItems/Individual/Silver_Sword__Off_hand_.prefab
"Silver Wand",@Wand05,Elongated,0.5800,0.5800,0.5611,1.450519,"(350.00, 80.00, 292.00)","(1.50, 1.00, 1.50)",Assets/Prefabs/Dungeon/DroppedItems/Individual/Silver_Wand.prefab
"Sleep Potion",potion_blue,Ordinary,0.4300,0.3969,0.3462,1.232143,"(315.00, 0.00, 0.00)","(1.00, 1.00, 1.00)",Assets/Prefabs/Dungeon/DroppedItems/Individual/Sleep_Potion.prefab
"Slime Jelly Danish",cake,Ordinary,0.4300,0.4300,0.3492,1.403487,"(315.00, 0.00, 0.00)","(1.00, 1.00, 1.00)",Assets/Prefabs/Dungeon/DroppedItems/Individual/Slime_Jelly_Danish.prefab
"Smiling Mushroom & Cheese Croissant",cake,Ordinary,0.4300,0.4300,0.3492,1.403487,"(315.00, 0.00, 0.00)","(1.00, 1.00, 1.00)",Assets/Prefabs/Dungeon/DroppedItems/Individual/Smiling_Mushroom___Cheese_Croissant.prefab
"Specter Cream Shakerato",cup,Ordinary,0.4300,0.4300,0.3680,1.441768,"(315.00, 0.00, 0.00)","(1.00, 1.00, 1.00)",Assets/Prefabs/Dungeon/DroppedItems/Individual/Specter_Cream_Shakerato.prefab
"Specter Cream Tiramisu Latte",cup,Ordinary,0.4300,0.4300,0.3680,1.441768,"(315.00, 0.00, 0.00)","(1.00, 1.00, 1.00)",Assets/Prefabs/Dungeon/DroppedItems/Individual/Specter_Cream_Tiramisu_Latte.prefab
"Spoiled Bread",waffle,Ordinary,0.4300,0.4143,0.2214,1.373897,"(340.00, 0.00, 342.00)","(1.00, 1.00, 1.00)",Assets/Prefabs/Dungeon/DroppedItems/Individual/Spoiled_Bread.prefab
"Steel Arrows",@Projectile/Arrow03Projectile,Elongated,0.5700,0.5700,0.3823,1.377481,"(315.00, 153.00, 182.00)","(2.80, 2.80, 1.00)",Assets/Prefabs/Dungeon/DroppedItems/Individual/Steel_Arrows.prefab
"Steel Buckler",@Shield08,Ordinary,0.4300,0.4300,0.2556,2.078918,"(30.00, 200.00, 25.00)","(1.00, 1.00, 1.00)",Assets/Prefabs/Dungeon/DroppedItems/Individual/Steel_Buckler.prefab
"Steel Greatsword",@THS03_Sword,Elongated,0.5800,0.5800,0.3453,0.928125,"(350.00, 5.00, 313.00)","(1.25, 1.00, 1.60)",Assets/Prefabs/Dungeon/DroppedItems/Individual/Steel_Greatsword.prefab
"Steel Shield",@Shield09,Ordinary,0.4300,0.4300,0.2535,1.961476,"(30.00, 200.00, 25.00)","(1.00, 1.00, 1.00)",Assets/Prefabs/Dungeon/DroppedItems/Individual/Steel_Shield.prefab
"Steel Spear",@Spear03,Elongated,0.5800,0.5800,0.2769,0.726196,"(336.00, 20.00, 307.00)","(1.65, 1.00, 1.65)",Assets/Prefabs/Dungeon/DroppedItems/Individual/Steel_Spear.prefab
"Steel Sword",@OHS05_Sword,Elongated,0.5800,0.5800,0.3814,1.283606,"(320.00, 20.00, 328.00)","(1.25, 1.00, 1.60)",Assets/Prefabs/Dungeon/DroppedItems/Individual/Steel_Sword.prefab
"Steel Sword (Off-hand)",@OHS05_Sword,Elongated,0.5800,0.5800,0.3814,1.283606,"(320.00, 20.00, 328.00)","(1.25, 1.00, 1.60)",Assets/Prefabs/Dungeon/DroppedItems/Individual/Steel_Sword__Off_hand_.prefab
"Stick",@OHS01_Stick,Elongated,0.5800,0.5800,0.3365,1.387829,"(335.00, 20.00, 313.00)","(1.25, 1.00, 1.60)",Assets/Prefabs/Dungeon/DroppedItems/Individual/Stick.prefab
"Stick (Off-hand)",@OHS01_Stick,Elongated,0.5800,0.5800,0.3365,1.387829,"(335.00, 20.00, 313.00)","(1.25, 1.00, 1.60)",Assets/Prefabs/Dungeon/DroppedItems/Individual/Stick__Off_hand_.prefab
"Tower Shield",@Shield07,Ordinary,0.4300,0.4300,0.2393,1.663454,"(30.00, 200.00, 25.00)","(1.00, 1.00, 1.00)",Assets/Prefabs/Dungeon/DroppedItems/Individual/Tower_Shield.prefab
"War Hammer",@OHS14_Hammer,Elongated,0.5700,0.5700,0.4877,1.169669,"(350.00, 80.00, 298.00)","(1.25, 1.00, 1.60)",Assets/Prefabs/Dungeon/DroppedItems/Individual/War_Hammer.prefab
"War Hammer (Off-hand)",@OHS14_Hammer,Elongated,0.5700,0.5700,0.4877,1.169669,"(350.00, 80.00, 298.00)","(1.25, 1.00, 1.60)",Assets/Prefabs/Dungeon/DroppedItems/Individual/War_Hammer__Off_hand_.prefab
"Warp Spell",book,Ordinary,0.4300,0.4300,0.2276,1.427337,"(340.00, 0.00, 342.00)","(1.00, 1.00, 1.00)",Assets/Prefabs/Dungeon/DroppedItems/Individual/Warp_Spell.prefab
"Wooden Arrows",@Projectile/Arrow01Projectile,Elongated,0.5700,0.5700,0.3690,1.457699,"(315.00, 198.00, 152.00)","(2.80, 2.80, 1.00)",Assets/Prefabs/Dungeon/DroppedItems/Individual/Wooden_Arrows.prefab
"Wooden Buckler",@Shield01,Ordinary,0.4300,0.4300,0.3616,2.162097,"(30.00, 200.00, 25.00)","(1.00, 1.00, 1.00)",Assets/Prefabs/Dungeon/DroppedItems/Individual/Wooden_Buckler.prefab
"Wooden Shield",@Shield02,Ordinary,0.4300,0.4240,0.2545,2.301214,"(30.00, 200.00, 25.00)","(1.00, 1.00, 1.00)",Assets/Prefabs/Dungeon/DroppedItems/Individual/Wooden_Shield.prefab
"Wooden Spear",@Spear01,Elongated,0.5800,0.5800,0.3974,0.833679,"(321.00, 20.00, 322.00)","(1.65, 1.00, 1.65)",Assets/Prefabs/Dungeon/DroppedItems/Individual/Wooden_Spear.prefab
"Wooden Wand",@Wand01,Elongated,0.5800,0.5800,0.4703,1.727788,"(305.00, 5.00, 352.00)","(1.50, 1.00, 1.50)",Assets/Prefabs/Dungeon/DroppedItems/Individual/Wooden_Wand.prefab
"Iron Ore",jewel,Ordinary,0.3900,0.3809,0.2945,1.344777,"(315.00, 0.00, 0.00)","(1.00, 1.00, 1.00)",Assets/Prefabs/Dungeon/DroppedItems/Individual/Iron_Ore.prefab
"Healing Herb",leaf,Ordinary,0.3900,0.3900,0.2199,0.968205,"(340.00, 0.00, 342.00)","(1.00, 1.00, 1.00)",Assets/Prefabs/Dungeon/DroppedItems/Individual/Healing_Herb.prefab
"Timber",log,Ordinary,0.4300,0.4300,0.3969,1.082939,"(315.00, 0.00, 0.00)","(1.00, 1.00, 1.00)",Assets/Prefabs/Dungeon/DroppedItems/Individual/Timber.prefab
"Trap Parts",wheel,Ordinary,0.3900,0.3900,0.3052,1.141684,"(315.00, 0.00, 0.00)","(1.00, 1.00, 1.00)",Assets/Prefabs/Dungeon/DroppedItems/Individual/Trap_Parts.prefab
"Category: Bow",bow,Elongated,0.5795,0.5795,0.5454,1.329452,"(315.00, 90.00, 180.00)","(1.00, 1.00, 1.00)",Assets/Prefabs/Dungeon/DroppedItems/Bow.prefab
"Category: Bread",waffle,Ordinary,0.4300,0.4143,0.2214,1.373897,"(340.00, 0.00, 342.00)","(1.00, 1.00, 1.00)",Assets/Prefabs/Dungeon/DroppedItems/Bread.prefab
"Category: Gold",gold coin bag2,Ordinary,0.4300,0.4248,0.3816,2.625337,"(315.00, 0.00, 0.00)","(1.00, 1.00, 1.00)",Assets/Prefabs/Dungeon/DroppedItems/Gold.prefab
"Category: Key",key,Ordinary,0.3700,0.3700,0.2657,1.077486,"(315.00, 0.00, 0.00)","(1.00, 1.00, 1.00)",Assets/Prefabs/Dungeon/DroppedItems/Key.prefab
"Category: Potion",potion_red,Ordinary,0.4300,0.3969,0.3462,1.232143,"(315.00, 0.00, 0.00)","(1.00, 1.00, 1.00)",Assets/Prefabs/Dungeon/DroppedItems/Potion.prefab
"Category: Ring",ring,Ordinary,0.3700,0.3700,0.3246,1.456592,"(315.00, 0.00, 0.00)","(1.00, 1.00, 1.00)",Assets/Prefabs/Dungeon/DroppedItems/Ring.prefab
"Category: Shield",shield,Ordinary,0.4300,0.4151,0.1668,1.196617,"(340.00, 0.00, 342.00)","(1.00, 1.00, 1.00)",Assets/Prefabs/Dungeon/DroppedItems/Shield.prefab
"Category: Skull",skull,Ordinary,0.4300,0.3658,0.3888,1.222085,"(315.00, 0.00, 0.00)","(1.00, 1.00, 1.00)",Assets/Prefabs/Dungeon/DroppedItems/Skull.prefab
"Category: SpellBook",book2,Ordinary,0.4300,0.4300,0.2004,4.640022,"(275.00, 0.00, 342.00)","(1.00, 1.00, 1.00)",Assets/Prefabs/Dungeon/DroppedItems/SpellBook.prefab
"Category: Sword",@OHS03_Sword,Elongated,0.5800,0.5800,0.4454,1.347597,"(320.00, 35.00, 313.00)","(1.25, 1.00, 1.60)",Assets/Prefabs/Dungeon/DroppedItems/Sword.prefab
"Category: TreasureChest",treasure chest,Chest,0.5000,0.6005,0.5000,0.942444,"(-90.00, 0.00, -12.00)","(1.22, 1.80, 1.10)",Assets/Prefabs/Dungeon/DroppedItems/TreasureChest.prefab
"Currency",gold coin bag2,Ordinary,0.4300,0.4248,0.3816,2.625337,"(315.00, 0.00, 0.00)","(1.00, 1.00, 1.00)",Assets/Art/Diorama/Items/GoldPickup.prefab
"Small key",key,Ordinary,0.3700,0.3700,0.4720,1.476051,"(270.00, 0.00, 0.00)","(1.00, 1.00, 1.00)",Assets/Art/DungeonThemes/Pickups/SmallKey.prefab
"Chest disguise",treasure chest,Chest,0.5000,0.6005,0.5000,0.471222,"(-90.00, 0.00, -12.00)","(1.22, 1.80, 1.10)",Assets/Art/DungeonThemes/Pickups/ChestDisguise.prefab
"Bag",bag,Ordinary,0.4300,0.4300,0.4223,1.289437,"(270.00, 0.00, 0.00)","(1.00, 1.00, 1.00)",Assets/Art/DungeonThemes/Pickups/Bag.prefab
