view,renderers,materials,triangles,textureBytes,batches,setPassCalls,seed
Overworld,1361,209,2354396,27653696,62,42,12345
Overworld_Grassland,1361,209,2354396,27653696,62,42,12345
Overworld_Desert,1361,209,2354396,27653696,62,42,12345
Overworld_Water,1474,225,2754776,26954632,62,42,12346
Overworld_Mountain,1361,209,2354396,27653696,62,42,12345
Overworld_Forest,1428,233,2620786,27653696,62,42,12347
Overworld_Tundra,1361,209,2354396,27653696,62,42,12345
Overworld_Marsh,1361,209,2354396,27653696,62,42,12345
Overworld_Volcanic,1361,209,2354396,27653696,62,42,12345
Overworld_Coast,1361,209,2354396,27653696,62,42,12345
Overworld_Bridge,1474,225,2754776,27653696,62,42,12346
Overworld_Settlement,1361,209,2354396,27653696,65,44,12345
Overworld_Mountains,1361,209,2354396,27653696,65,44,12345
Overworld_Road,1361,209,2354396,27653696,65,44,12345
