Biome,Tier,MeanWalkableArea
Tundra,0,489.92
Tundra,1,554.75
Tundra,2,758.33
Tundra,3,964.71
Tundra,4,1412.04
Desert,0,579.29
Desert,1,698.46
Desert,2,907.21
Desert,3,1231.08
Desert,4,1747.21
Water,0,540.12
Water,1,656.42
Water,2,866.33
Water,3,1125.38
Water,4,1621.96
Forest,0,487.50
Forest,1,583.00
Forest,2,774.92
Forest,3,1002.79
Forest,4,1446.25
Grassland,0,511.04
Grassland,1,680.29
Grassland,2,880.46
Grassland,3,1143.50
Grassland,4,1654.79
Mountain,0,473.29
Mountain,1,572.92
Mountain,2,756.42
Mountain,3,980.25
Mountain,4,1407.79
Marsh,0,485.67
Marsh,1,589.29
Marsh,2,768.83
Marsh,3,1001.58
Marsh,4,1481.88
Volcanic,0,326.54
Volcanic,1,436.71
Volcanic,2,585.88
Volcanic,3,756.79
Volcanic,4,1053.25
