Biome,Role,Seed,Width,Height,Walkable,CoreMilliseconds,GeometryMilliseconds,Triangles,Renderers
Grassland,Regular,42,56,56,1865,188.624,439.225,82822,46
Grassland,Entry,42,24,24,244,7.228,53.904,9422,6
Grassland,Exit,42,24,24,244,7.568,59.303,9422,6
Desert,Regular,42,56,56,1859,170.641,418.829,55178,46
Desert,Entry,42,24,24,267,7.666,50.477,9284,6
Desert,Exit,42,24,24,267,7.754,101.411,9284,6
Water,Regular,42,56,56,1699,144.510,377.001,81736,54
Water,Entry,42,24,24,213,6.198,53.543,9246,8
Water,Exit,42,24,24,213,15.579,47.697,9246,8
Mountain,Regular,42,56,56,1505,135.487,350.954,73004,58
Mountain,Entry,42,24,24,215,6.140,42.363,9460,9
Mountain,Exit,42,24,24,215,6.741,56.041,9460,9
Forest,Regular,42,56,56,1509,165.047,550.186,395420,57
Forest,Entry,42,24,24,207,5.960,88.253,80624,9
Forest,Exit,42,24,24,207,5.765,89.361,80624,9
Tundra,Regular,42,56,56,1461,119.279,371.638,72386,52
Tundra,Entry,42,24,24,195,13.067,42.135,9338,7
Tundra,Exit,42,24,24,195,5.936,40.719,9338,7
Marsh,Regular,42,56,56,1609,142.505,355.396,64982,66
Marsh,Entry,42,24,24,214,6.685,59.524,9754,8
Marsh,Exit,42,24,24,214,6.154,44.070,9754,8
Volcanic,Regular,42,56,56,1069,99.718,294.797,70616,64
Volcanic,Entry,42,24,24,144,6.160,68.347,9354,11
Volcanic,Exit,42,24,24,144,4.498,42.781,9354,11
