"view","renderers","materials","triangles","textureBytes","batches","setPassCalls","seed"
"Dungeon_Grassland_Interior_Regular","27","8","35750","5826368","26","12","12345"
"Dungeon_Grassland_Interior_Throne","13","7","7296","4427344","26","12","12345"
"Dungeon_Grassland_Outdoor_Regular","20","7","34012","5596096","26","12","12345"
"Dungeon_Grassland_Outdoor_Throne","7","6","5708","5596096","26","12","12345"
"Dungeon_Desert_Interior_Regular","30","8","22178","5826368","26","12","12345"
"Dungeon_Desert_Interior_Throne","13","7","6740","4427344","26","12","12345"
"Dungeon_Desert_Outdoor_Regular","22","7","20558","5596096","26","12","12345"
"Dungeon_Desert_Outdoor_Throne","7","6","5338","5596096","26","12","12345"
"Dungeon_Water_Interior_Regular","34","11","41788","5826368","26","12","12345"
"Dungeon_Water_Interior_Throne","14","10","7454","4427344","26","12","12345"
"Dungeon_Water_Outdoor_Regular","24","10","40528","5596096","26","12","12345"
"Dungeon_Water_Outdoor_Throne","9","9","6256","5596096","26","12","12345"
"Dungeon_Mountain_Interior_Regular","25","8","29554","5826368","26","12","12345"
"Dungeon_Mountain_Interior_Throne","13","10","7092","4427344","26","12","12345"
"Dungeon_Mountain_Outdoor_Regular","20","7","27394","5596096","26","12","12345"
"Dungeon_Mountain_Outdoor_Throne","10","9","5239","5596096","26","12","12345"
"Dungeon_Forest_Interior_Regular","31","11","140936","5826368","26","12","12345"
"Dungeon_Forest_Interior_Throne","12","9","46380","4427344","26","12","12345"
"Dungeon_Forest_Outdoor_Regular","24","10","34060","5596096","26","12","12345"
"Dungeon_Forest_Outdoor_Throne","10","9","6064","5596096","26","12","12345"
"Dungeon_Tundra_Interior_Regular","27","8","34556","5826368","26","12","12345"
"Dungeon_Tundra_Interior_Throne","10","7","6972","4427344","26","12","12345"
"Dungeon_Tundra_Outdoor_Regular","22","7","32444","5596096","26","12","12345"
"Dungeon_Tundra_Outdoor_Throne","7","6","4674","5596096","26","12","12345"
"Dungeon_Marsh_Interior_Regular","33","13","26910","5826368","26","12","12345"
"Dungeon_Marsh_Interior_Throne","16","13","7464","4427344","26","12","12345"
"Dungeon_Marsh_Outdoor_Regular","25","12","25774","5596096","26","12","12345"
"Dungeon_Marsh_Outdoor_Throne","13","12","6914","5596096","26","12","12345"
"Dungeon_Volcanic_Interior_Regular","29","14","28846","5826368","26","12","12345"
"Dungeon_Volcanic_Interior_Throne","18","13","6846","4427344","26","12","12345"
"Dungeon_Volcanic_Outdoor_Regular","23","13","27078","5596096","26","12","12345"
"Dungeon_Volcanic_Outdoor_Throne","12","12","5558","5596096","26","12","12345"
"Town_Grassland","322","67","1703440","55876896","261","106","12345"
"Town_Desert","332","68","1627516","55876896","261","106","12345"
"Town_Water","323","66","1670896","55526448","261","106","12345"
"Town_Mountain","318","67","1185700","55876896","261","106","12345"
"Town_Forest","318","66","1720346","55876896","261","106","12345"
"Town_Tundra","332","67","1153624","55526448","261","106","12345"
"Town_Marsh","323","66","1794882","55526448","261","106","12345"
"Town_Volcanic","327","66","1140020","55526448","261","106","12345"
"Overworld","1361","209","2354396","27653696","62","42","12345"
"Overworld_Grassland","1361","209","2354396","27653696","62","42","12345"
"Overworld_Desert","1361","209","2354396","27653696","62","42","12345"
"Overworld_Water","1474","225","2754776","26954632","62","42","12346"
"Overworld_Mountain","1361","209","2354396","27653696","62","42","12345"
"Overworld_Forest","1428","233","2620786","27653696","62","42","12347"
"Overworld_Tundra","1361","209","2354396","27653696","62","42","12345"
"Overworld_Marsh","1361","209","2354396","27653696","62","42","12345"
"Overworld_Volcanic","1361","209","2354396","27653696","62","42","12345"
"Overworld_Coast","1361","209","2354396","27653696","62","42","12345"
"Overworld_Bridge","1474","225","2754776","27653696","62","42","12346"
"Overworld_Settlement","1254","102","2352306","27653696","62","42","12345"
"Overworld_Mountains","1254","102","2352306","27653696","62","42","12345"
"Overworld_Road","1254","102","2352306","27653696","62","42","12345"
